Feature,Importance
mfcc_3_std,0.14048878594428468
mfcc_9_std,0.11240714149322789
mfcc_5_std,0.07371497194941153
spectral_rolloff_std,0.04776261553976539
mfcc_1_mean,0.042245521977812436
spectral_bandwidth_std,0.039369319523842816
mfcc_4_std,0.03425719556654786
mfcc_8_std,0.0255347989528683
mfcc_1_std,0.020763321218745908
mfcc_7_std,0.020714465588551178
mfcc_10_std,0.020610032323949302
mfcc_2_std,0.020187669092358106
rms_median,0.018135952405793326
spectral_contrast_std,0.016963840095335442
duration,0.016733519623453142
rms_mean,0.01506374918595388
mfcc_6_std,0.014363185167528002
spectral_centroid_std,0.014310002121208809
mfcc_13_mean,0.013768527071661882
mfcc_10_mean,0.012664204939111521
mfcc_12_mean,0.012505369459227042
spectral_contrast_mean,0.01240003314082065
mfcc_3_mean,0.012089096990766433
mfcc_2_mean,0.011975593121538609
pitch_min,0.011712872566830184
mfcc_11_std,0.011635332216399601
mfcc_12_std,0.011363854780820684
mfcc_13_std,0.011305612539566103
rms_min,0.010513681696721632
mfcc_6_mean,0.010430656374336928
mfcc_5_mean,0.010109133861685429
mfcc_11_mean,0.009946973105795225
mfcc_7_mean,0.00994528451458196
mfcc_4_mean,0.009715816884149865
zcr_median,0.009645032894348322
pitch_median,0.009579897147647058
pitch_std,0.008792566526851163
mfcc_9_mean,0.00876896148121283
rms_max,0.00849394360725638
zcr_mean,0.008318241449137604
zcr_max,0.008300141862439018
zcr_min,0.007996618345492807
pitch_max,0.00798570014279431
rms_std,0.007836716646829478
mfcc_8_mean,0.007585281709669421
spectral_bandwidth_mean,0.007214298422911731
pitch_mean,0.007206967908406192
spectral_rolloff_mean,0.00571786096714197
zcr_std,0.0055786619414415605
spectral_centroid_mean,0.005270977911768454
